City,Lat,Lng,Max Temp,Humidity,Cloudiness,Wind Speed,Country,Date
Butaritari,3.0707,172.7902,81.3,75,0,11.52,KI,1613099819
Mataura,-46.1927,168.8643,60.01,69,0,8.99,NZ,1613099819
Chui,-33.6971,-53.4616,70.34,91,100,11.88,UY,1613099819
Kaitangata,-46.2817,169.8464,60.01,66,2,11.01,NZ,1613099819
Norman Wells,65.282,-126.8329,-11.2,77,20,2.3,CA,1613099819
Coolum Beach,-26.5333,153.1,82.0,63,67,5.99,AU,1613099819
Antigonish,45.6169,-61.9986,15.01,80,47,3.0,CA,1613099820
San Patricio,28.017,-97.5169,41.0,93,90,6.91,US,1613099820
Ivybridge,50.3904,-3.9191,37.0,79,100,5.01,GB,1613099820
Albany,42.6001,-73.9662,17.01,53,20,6.91,US,1613099820
Nikolskoye,59.7035,30.7861,3.99,85,75,6.71,RU,1613099820
Tiksi,71.6872,128.8694,-7.37,88,79,6.04,RU,1613099820
Cabo San Lucas,22.8909,-109.9124,66.0,77,1,3.44,MX,1613099747
Caxito,-8.5785,13.6643,80.6,78,75,4.61,AO,1613099820
Waddān,29.1614,16.139,52.59,77,0,2.24,LY,1613099820
Bridlington,54.0831,-0.1919,30.99,92,56,10.02,GB,1613099821
Vytegra,61.0064,36.4481,-10.75,90,51,3.29,RU,1613099821
Bluff,-46.6,168.3333,60.01,69,2,10.0,NZ,1613099641
Tiznit Province,29.5833,-9.5,56.61,75,0,1.21,MA,1613099821
Laas,46.6166,10.7002,21.99,85,0,9.22,IT,1613099821
Katsuura,35.1333,140.3,52.0,50,100,8.99,JP,1613099821
Saskylakh,71.9167,114.0833,-15.18,86,100,4.63,RU,1613099821
Pathein,16.7833,94.7333,79.41,47,66,4.72,MM,1613099821
Constitución,-35.3333,-72.4167,59.52,90,99,6.78,CL,1613099822
Mahébourg,-20.4081,57.7,80.6,69,40,6.91,MU,1613099822
Hermanus,-34.4187,19.2345,73.0,91,77,6.15,ZA,1613099822
Upernavik,72.7868,-56.1549,0.59,80,100,8.72,GL,1613099593
Nanortalik,60.1432,-45.2371,28.27,89,100,12.28,GL,1613099699
Alekseyevsk,57.8406,108.3492,-3.71,89,100,3.96,RU,1613099822
Carberry,49.8689,-99.3602,-25.6,62,20,11.5,CA,1613099822
Jamestown,42.097,-79.2353,12.2,85,1,5.75,US,1613099822
Kapaa,22.0752,-159.319,75.2,57,1,4.61,US,1613099642
Grindavik,63.8424,-22.4338,37.4,81,90,23.02,IS,1613099823
Ushuaia,-54.8,-68.3,46.4,71,20,26.46,AR,1613099811
Palana,59.1167,159.9667,6.89,90,0,17.49,RU,1613099823
Chokurdakh,70.6333,147.9167,-15.66,79,92,3.91,RU,1613099823
Suntar,62.1444,117.6319,-14.91,86,58,4.23,RU,1613099823
Aksha,50.2814,113.2867,8.74,84,0,13.91,RU,1613099823
Nakhon Luang,14.4628,100.6083,88.0,47,98,1.01,TH,1613099534
Vieux-Habitants,16.0589,-61.7659,71.6,88,0,11.1,GP,1613099823
Arraial do Cabo,-22.9661,-42.0278,76.33,89,100,13.53,BR,1613099824
Atuona,-9.8,-139.0333,79.41,74,4,10.16,PF,1613099824
Kharp,66.8014,65.8081,-19.1,82,80,5.44,RU,1613099824
Karratha,-20.7377,116.8463,86.58,58,21,14.45,AU,1613099648
Gaya,24.7833,85.0,59.0,77,40,4.61,IN,1613099824
Bathsheba,13.2167,-59.5167,77.0,69,40,20.71,BB,1613099824
Bozova,37.3625,38.5267,46.4,61,0,4.61,TR,1613099824
Codrington,-38.2667,141.9667,67.66,52,92,12.95,AU,1613099631
Busselton,-33.65,115.3333,68.0,53,0,3.0,AU,1613099824
Lere,10.387,8.5726,63.36,26,0,5.48,NG,1613099825
Ancud,-41.8697,-73.8203,52.0,82,0,9.22,CL,1613099745
Gijón,43.5357,-5.6615,55.0,87,100,6.31,ES,1613099825
Christchurch,-43.5333,172.6333,63.0,63,90,10.36,NZ,1613099624
Lebu,-37.6167,-73.65,59.11,93,31,13.62,CL,1613099696
Barcelos,41.5388,-8.6151,55.4,94,75,5.75,PT,1613099692
Yellowknife,62.456,-114.3525,-11.99,77,1,5.75,CA,1613099825
Rikitea,-23.1203,-134.9692,79.43,68,96,5.03,PF,1613099825
Punta Arenas,-53.15,-70.9167,46.4,66,0,14.97,CL,1613099597
Khatanga,71.9667,102.5,-20.78,87,100,6.02,RU,1613099825
Nelson Bay,-32.7167,152.15,87.01,48,0,5.75,AU,1613099825
Maţāy,28.419,30.7792,52.27,66,0,7.31,EG,1613099825
Thompson,55.7435,-97.8558,-38.2,74,20,2.3,CA,1613099826
Talnakh,69.4865,88.3972,-19.64,87,97,1.86,RU,1613099826
Tuktoyaktuk,69.4541,-133.0374,-7.6,77,75,8.05,CA,1613099826
Clyde River,70.4692,-68.5914,5.0,85,99,26.46,CA,1613099826
Qaanaaq,77.484,-69.3632,5.59,71,0,7.56,GL,1613099826
Diffa,13.3154,12.6113,66.49,27,0,8.7,NE,1613099826
Horsham,51.064,-0.3272,28.99,74,0,11.5,GB,1613099826
Ozinki,51.1786,49.6769,31.41,99,100,2.51,RU,1613099826
Bethal,-26.4579,29.4655,59.0,97,65,5.01,ZA,1613099827
Werdohl,51.2667,7.7667,16.0,92,0,3.96,DE,1613099711
Hobart,-42.8794,147.3294,73.4,35,0,19.57,AU,1613099796
Rome,43.2128,-75.4557,3.2,78,1,1.83,US,1613099827
Micheweni,-4.9667,39.8333,80.82,79,100,13.42,TZ,1613099827
Faya,18.3851,42.4509,50.0,57,0,0.63,SA,1613099827
Kamaishi,39.2667,141.8833,37.4,52,0,3.44,JP,1613099827
Bambous Virieux,-20.3428,57.7575,80.6,69,40,6.91,MU,1613099640
Kawalu,-7.3817,108.2082,85.71,64,32,1.74,ID,1613099827
Poum,-20.2333,164.0167,79.74,73,2,9.69,NC,1613099827
Muli,2.9167,73.5667,80.44,73,2,16.04,MV,1613099828
Hay River,60.8156,-115.7999,-5.8,71,3,11.5,CA,1613099705
Fortuna,40.5982,-124.1573,48.99,100,90,3.44,US,1613099828
Provideniya,64.3833,-173.3,-2.2,65,90,38.03,RU,1613099828
Tuatapere,-46.1333,167.6833,60.01,69,5,8.99,NZ,1613099828
Airai,-8.9266,125.4092,74.12,78,43,1.92,TL,1613099828
Barrow,71.2906,-156.7887,-41.8,83,75,13.8,US,1613099828
Kandrian,-6.2167,149.55,80.4,86,98,14.72,PG,1613099828
Acapulco de Juárez,16.8634,-99.8901,77.0,78,1,5.75,MX,1613099828
Xam Nua,20.4197,104.0439,59.97,76,88,2.62,LA,1613099828
Castro,-24.7911,-50.0119,59.11,97,97,4.92,BR,1613099828
Tilichiki,60.4667,166.1,-17.43,84,0,12.35,RU,1613099829
Esperance,-33.8667,121.9,69.8,46,75,6.91,AU,1613099829
Palaia Fokaia,37.72,23.9463,54.0,71,20,5.75,GR,1613099829
Shar,49.5886,81.0453,-3.33,91,100,2.89,KZ,1613099829
Port Elizabeth,-33.918,25.5701,73.4,94,20,6.91,ZA,1613099829
George Town,5.4112,100.3354,87.8,66,20,3.44,MY,1613099813
Boyolangu,-8.1181,111.8935,84.67,66,40,3.2,ID,1613099829
Ponta do Sol,32.6667,-17.1,57.99,77,20,4.61,PT,1613099830
Dvinskoy,62.1535,45.1175,-3.71,92,96,3.67,RU,1613099830
Torbay,47.6666,-52.7314,23.0,93,90,32.21,CA,1613099607
Mar del Plata,-38.0023,-57.5575,71.01,88,90,16.11,AR,1613099700
Pyapon,16.2833,95.6833,79.48,50,5,2.42,MM,1613099830
Lompoc,34.6391,-120.4579,53.6,76,1,3.44,US,1613099830
Sitka,57.0531,-135.33,30.2,27,1,10.36,US,1613099830
Bredasdorp,-34.5322,20.0403,71.6,88,82,2.3,ZA,1613099830
Mandalgovi,45.7625,106.2708,16.41,73,78,9.73,MN,1613099830
Pacifica,37.6138,-122.4869,54.0,93,90,16.11,US,1613099654
Huarmey,-10.0681,-78.1522,73.08,74,97,7.63,PE,1613099831
Bandarbeyla,9.4942,50.8122,71.31,77,56,11.34,SO,1613099831
Flinders,-34.5833,150.8552,89.01,61,0,6.91,AU,1613099831
Itarema,-2.9248,-39.9167,79.2,82,95,12.12,BR,1613099831
Biak,-0.9131,122.8766,83.35,72,100,2.46,ID,1613099831
Vaini,-21.2,-175.2,86.0,79,40,6.91,TO,1613099831
Erenhot,43.6475,111.9767,20.68,89,41,9.06,CN,1613099831
Vila Franca do Campo,37.7167,-25.4333,61.0,88,40,26.46,PT,1613099831
Marsá Maţrūḩ,31.3525,27.2453,53.6,54,0,8.05,EG,1613099831
Asilah,35.465,-6.0348,57.2,100,75,5.75,MA,1613099832
Bethel,41.3712,-73.414,24.01,54,1,10.36,US,1613099832
Asău,46.4333,26.4,21.2,68,90,16.11,RO,1613099832
Port Alfred,-33.5906,26.891,69.01,96,98,11.23,ZA,1613099632
Tallahassee,30.4383,-84.2807,64.4,94,90,3.49,US,1613099610
Kieta,-6.2167,155.6333,84.92,71,93,8.95,PG,1613099832
Dikson,73.5069,80.5464,-14.22,89,99,6.15,RU,1613099832
Bud,39.447,-86.1758,18.0,76,85,10.2,US,1613099832
Cockburn Town,21.4612,-71.1419,76.69,77,0,21.74,TC,1613099832
Saint-Augustin,51.226,-58.6502,25.83,94,100,15.84,CA,1613099832
Leningradskiy,69.3833,178.4167,-14.48,87,100,12.46,RU,1613099711
West Richland,46.3043,-119.3614,28.4,50,90,17.27,US,1613099833
Lavrentiya,65.5833,-171.0,-20.58,81,65,13.82,RU,1613099833
Kailua,21.4022,-157.7394,80.6,60,40,8.05,US,1613099833
Seymchan,62.8833,152.4333,-2.29,90,69,1.25,RU,1613099833
Roald,62.5833,6.1333,23.0,68,0,9.22,NO,1613099833
San Quintín,30.4833,-115.95,58.03,85,0,8.79,MX,1613099833
Boa Vista,2.8197,-60.6733,78.8,73,0,10.36,BR,1613099732
Kempele,64.9131,25.5034,12.2,92,90,6.91,FI,1613099833
Norrtälje,59.758,18.705,18.0,90,26,1.01,SE,1613099833
Rocha,-34.4833,-54.3333,67.57,92,100,8.9,UY,1613099834
Karabash,55.4808,60.2157,-5.69,91,97,4.27,RU,1613099834
Buala,-8.145,159.5921,79.45,85,100,11.14,SB,1613099834
Ninghai,29.2892,121.4247,55.0,99,98,3.49,CN,1613099834
Sompeta,18.9333,84.6,74.48,52,9,2.68,IN,1613099834
Harper,4.375,-7.7169,78.51,88,34,6.08,LR,1613099834
Ketchikan,55.3422,-131.6461,24.8,30,1,24.16,US,1613099834
Chimoré,-16.9833,-65.1333,67.24,92,100,1.25,BO,1613099834
Saint Paul Harbor,57.79,-152.4072,39.2,87,90,36.82,US,1613099834
Nagornyy,52.7959,83.5498,-16.6,69,87,4.47,RU,1613099834
Rincon,32.296,-81.2354,59.0,94,90,3.44,US,1613099835
Port Blair,11.6667,92.75,81.34,66,89,13.8,IN,1613099835
Kudahuvadhoo,2.6708,72.8944,80.4,76,0,15.88,MV,1613099835
Vitim,59.4511,112.5578,-4.77,86,100,0.96,RU,1613099835
Honiara,-9.4333,159.95,78.31,88,100,7.56,SB,1613099835
Saint-Philippe,-21.3585,55.7679,80.6,65,0,11.5,RE,1613099634
Tasiilaq,65.6145,-37.6368,19.4,73,75,27.63,GL,1613099835
Marsaxlokk,35.8419,14.5431,55.99,82,20,8.05,MT,1613099835
Sioux Lookout,50.1001,-91.917,-27.4,75,40,1.34,CA,1613099835
Cape Town,-33.9258,18.4232,73.99,94,75,12.66,ZA,1613099835
Cienfuegos,22.1461,-80.4356,73.4,88,1,3.44,CU,1613099655
Husavik,66.0449,-17.3389,21.2,86,0,1.14,IS,1613099836
Kruisfontein,-34.0033,24.7314,73.0,89,100,1.01,ZA,1613099836
Ulaanbaatar,47.9077,106.8832,1.4,66,75,2.24,MN,1613099579
Chapais,49.7834,-74.8492,-5.8,77,90,9.22,CA,1613099836
Ribeira Grande,38.5167,-28.7,58.89,85,100,14.56,PT,1613099836
Te Anau,-45.4167,167.7167,67.91,43,0,3.0,NZ,1613099836
Brae,60.3964,-1.353,37.4,70,40,24.16,GB,1613099836
Quang Ngai,15.1167,108.8,71.13,67,60,8.43,VN,1613099836
Garmsār,35.2182,52.3409,47.86,49,0,3.15,IR,1613099836
Qaqortoq,60.7167,-46.0333,39.2,28,75,43.73,GL,1613099836
Faanui,-16.4833,-151.75,82.49,64,8,9.15,PF,1613099837
Ţahţā,26.7693,31.5021,53.6,43,0,4.61,EG,1613099837
New Norfolk,-42.7826,147.0587,73.0,54,28,7.0,AU,1613099694
Tura,25.5198,90.2201,73.04,36,36,2.66,IN,1613099837
Zhigansk,66.7697,123.3711,-5.35,91,98,3.96,RU,1613099837
Hofn,64.2539,-15.2082,41.04,68,100,19.04,IS,1613099837
La Ronge,55.1001,-105.2842,-16.6,69,100,6.91,CA,1613099837
Hilo,19.7297,-155.09,77.0,61,90,8.05,US,1613100212
Touros,-5.1989,-35.4608,78.8,83,75,5.75,BR,1613099837
Mayumba,-3.432,10.6554,78.73,84,100,3.56,GA,1613099837
Nhulunbuy,-12.2333,136.7667,77.0,94,75,11.5,AU,1613099837
Wangou,42.0623,126.9127,33.87,83,91,4.68,CN,1613099838
Sarangani,5.4033,125.4636,83.77,74,57,9.64,PH,1613099838
Cidreira,-30.1811,-50.2056,74.35,80,99,11.34,BR,1613099665
Iqaluit,63.7506,-68.5145,-2.2,71,75,11.5,CA,1613099653
Zhezkazgan,47.8043,67.7144,6.15,87,84,7.4,KZ,1613099838
Puerto Ayora,-0.7393,-90.3518,75.99,98,82,8.59,EC,1613099838
Darhan,49.4867,105.9228,5.56,91,100,5.55,MN,1613099838
Yerbogachën,61.2767,108.0108,-15.66,86,15,3.8,RU,1613099664
Porbandar,21.6422,69.6093,69.64,55,0,6.98,IN,1613099839
Mahanoro,-19.9,48.8,72.84,82,100,4.0,MG,1613099839
Longyearbyen,78.2186,15.6401,3.2,72,40,16.11,SJ,1613099725
Jönköping,57.7814,14.1562,6.8,92,20,3.44,SE,1613099839
Cherskiy,68.75,161.3,-20.92,83,0,2.42,RU,1613099666
Mana,5.6592,-53.7767,78.01,84,82,11.18,GF,1613099839
Verkhnevilyuysk,63.4453,120.3167,-14.71,88,86,4.07,RU,1613099839
Sheridan,44.8333,-106.9173,-13.0,70,90,4.61,US,1613099839
Oranjemund,-28.55,16.4333,63.9,90,48,7.11,NA,1613099840
Rolla,37.9514,-91.7713,15.8,73,90,10.36,US,1613099840
Otorohanga,-38.1833,175.2,77.0,43,0,5.01,NZ,1613099840
Panabá,21.2833,-88.2667,74.23,80,63,7.52,MX,1613099840
Auki,-8.7676,160.7034,79.83,85,100,11.81,SB,1613099840
Xinyu,27.8043,114.9334,57.25,79,52,3.8,CN,1613099840
Masakin,35.7292,10.5808,54.0,66,0,3.44,TN,1613099840
Kokkola,63.8385,23.1307,-0.4,85,0,8.05,FI,1613099840
Bose,45.4612,8.0137,41.0,93,90,10.36,IT,1613099840
Visnes,59.3556,5.2242,21.99,53,0,10.36,NO,1613099841
Constantine,36.365,6.6147,39.2,93,0,3.44,DZ,1613099841
Saquarema,-22.92,-42.5103,75.2,94,75,5.75,BR,1613099841
Bonavista,48.6499,-53.1147,25.0,93,100,11.5,CA,1613099841
Popondetta,-8.7537,148.2534,89.37,59,82,6.26,PG,1613099841
Severo-Kuril'sk,50.6789,156.125,30.13,93,97,4.59,RU,1613099841
San Cristobal,7.7669,-72.225,65.73,87,72,1.77,VE,1613099841
Beringovskiy,63.05,179.3167,-20.78,85,74,20.11,RU,1613099841
Tuzha,57.6062,47.936,-0.49,93,100,6.06,RU,1613099841
Ermelo,-26.5333,29.9833,56.53,94,74,8.19,ZA,1613099842
La Cruz,23.9167,-106.9,62.01,93,0,1.01,MX,1613099842
Sibay,52.7181,58.6658,5.65,94,100,4.65,RU,1613099842
Igarka,67.4667,86.5833,-30.08,84,0,1.66,RU,1613099842
Vardø,70.3705,31.1107,21.61,96,71,18.88,NO,1613099842
Kaz,52.9113,87.3105,-10.46,86,0,2.19,RU,1613099842
Kaitong,44.8135,123.15,33.1,83,40,13.35,CN,1613099842
Chumikan,54.7183,135.315,16.61,95,100,14.58,RU,1613099842
Omsukchan,62.5333,155.8,-3.78,90,76,5.35,RU,1613099843
Tadine,-21.55,167.8833,80.71,72,93,4.12,NC,1613099843
Byron Bay,-28.65,153.6167,82.99,57,11,17.27,AU,1613099843
Juneau,58.3019,-134.4197,26.6,26,1,18.41,US,1613099772
Smithers,54.7804,-127.1743,-2.2,60,1,3.44,CA,1613099707
Pevek,69.7008,170.3133,-23.24,84,46,2.19,RU,1613099843
Tres Arroyos,-38.3739,-60.2798,65.7,85,16,9.04,AR,1613099843
Ukiah,39.1502,-123.2078,50.0,87,90,5.75,US,1613100360
Turukhansk,65.8167,87.9833,-25.51,82,36,4.99,RU,1613099843
Alwar,27.5667,76.6,65.35,35,99,2.1,IN,1613099843
Souillac,-20.5167,57.5167,80.6,69,40,6.91,MU,1613099843
Gimli,50.6336,-96.9907,-22.0,76,90,3.44,CA,1613099844
Lerum,57.7745,12.2697,17.01,78,0,9.22,SE,1613099844
Saint-Pierre,-21.3393,55.4781,80.6,65,0,11.5,RE,1613099844
Lahuachaca,-17.3667,-67.6667,45.39,82,98,8.97,BO,1613099844
Chicama,-7.8447,-79.1469,74.59,68,95,4.21,PE,1613099844
Avarua,-21.2078,-159.775,84.2,70,75,4.61,CK,1613099633
Mmabatho,-25.85,25.6333,64.4,94,0,3.44,ZA,1613099844
Najrān,17.4924,44.1277,51.8,66,0,1.01,SA,1613099844
Nahavand,34.1885,48.377,37.11,68,0,2.24,IR,1613099844
Lorengau,-2.0226,147.2712,82.9,77,80,4.38,PG,1613099844
Havre-St-Pierre,50.2334,-63.5986,26.6,74,90,11.5,CA,1613099845
Teahupoo,-17.8333,-149.2667,84.2,58,75,5.75,PF,1613099845
Pitimbu,-7.4706,-34.8086,78.8,83,75,6.91,BR,1613099845
Lázaro Cárdenas,17.9583,-102.2,72.1,83,24,4.43,MX,1613099845
Livingstone,-17.8419,25.8543,66.92,97,100,0.51,ZM,1613099845
Copiague,40.6815,-73.3998,28.99,46,1,5.75,US,1613099555
San Blas,21.5167,-105.2667,64.42,81,21,2.13,MX,1613099845
Jaguariaíva,-24.2511,-49.7058,63.0,99,100,1.01,BR,1613099846
Pozo Colorado,-23.4923,-58.7972,73.58,63,26,1.99,PY,1613099846
Ligaya,12.6599,120.8923,84.56,67,65,3.33,PH,1613099846
Keningau,5.3378,116.1602,86.0,79,20,5.75,MY,1613099846
Ciudad del Carmen,18.6333,-91.8333,77.77,82,0,12.59,MX,1613099846
Ust'-Ordynskiy,52.805,104.7508,-0.4,78,40,11.18,RU,1613099846
Provincia di Ancona,43.55,13.1667,45.0,53,90,8.05,IT,1613099846
Dingle,10.9995,122.6711,85.23,70,18,1.81,PH,1613099846
Neiafu,-18.65,-173.9833,84.2,79,20,10.36,TO,1613099846
Abu Samrah,35.3029,37.1841,50.29,63,0,5.7,SY,1613099847
Tomigusuku,26.185,127.675,68.0,77,75,20.71,JP,1613099847
Baraboo,43.4711,-89.7443,1.99,85,90,6.91,US,1613099847
Broome,42.2506,-75.833,12.2,79,1,11.5,US,1613099713
Saint George,37.1041,-113.5841,59.0,35,1,3.44,US,1613099547
Atar,20.5169,-13.0499,65.34,21,0,10.56,MR,1613099847
Vila,42.0304,-8.1588,48.0,96,57,11.99,PT,1613099847
Batagay,67.6333,134.6333,-6.99,87,0,1.95,RU,1613099847
Dudinka,69.4058,86.1778,-17.88,88,97,4.7,RU,1613099847
Prince Rupert,54.3161,-130.3201,24.8,27,1,13.8,CA,1613099684
Xining,36.6167,101.7667,36.82,63,100,1.61,CN,1613099847
Kununurra,-15.7667,128.7333,93.2,52,89,5.75,AU,1613099848
Dwārka,22.2394,68.9678,70.86,68,0,7.67,IN,1613099848
Chimbote,-9.0853,-78.5783,72.81,74,100,5.46,PE,1613099801
Maunatlala,-22.597,27.6301,67.53,78,36,3.49,BW,1613099848
Eldorado,-23.7869,-54.2836,68.34,91,34,1.54,BR,1613099848
Port Keats,-14.25,129.55,87.24,71,80,10.07,AU,1613099848
Mumford,5.2618,-0.759,80.6,85,36,11.07,GH,1613099848
Iranshahr,27.2025,60.6848,53.6,17,0,4.61,IR,1613099848
Innisfail,-17.5333,146.0333,82.38,81,66,6.17,AU,1613099848
Boksitogorsk,59.474,33.8485,-9.58,90,4,4.65,RU,1613099848
Makakilo City,21.3469,-158.0858,80.6,57,1,8.05,US,1613099849
Ajaigarh,24.9,80.2667,68.41,29,91,2.59,IN,1613099849
Perth,-31.9333,115.8333,80.01,41,0,13.8,AU,1613099740
Tahe,52.3333,124.7333,23.61,96,100,3.87,CN,1613099652
Jackson,42.4165,-122.8345,42.8,87,90,0.38,US,1613099734
Naze,28.3667,129.4833,64.4,77,75,23.02,JP,1613099849
Nome,64.5011,-165.4064,12.2,85,90,16.11,US,1613099849
Bilāspur,22.0833,82.15,68.14,27,75,3.98,IN,1613099849
Muzaffarabad,34.37,73.4711,53.13,39,76,6.24,PK,1613099849
Stykkisholmur,65.0757,-22.7297,32.4,91,100,11.68,IS,1613099849
Muyinga Province,-2.8333,30.3333,60.67,94,100,2.26,BI,1613099850
Berlevåg,70.8578,29.0864,21.54,91,69,14.29,NO,1613099850
Matadi,-5.8167,13.45,76.1,90,100,2.59,CD,1613099850
Ponta Delgada,37.7333,-25.6667,61.0,88,40,26.46,PT,1613099850
Zhangjiakou,40.81,114.8794,38.64,54,3,0.38,CN,1613099850
Gannan,47.9147,123.5031,27.52,86,0,14.56,CN,1613099850
Redlands,34.0556,-117.1825,60.8,63,1,4.61,US,1613099850
Yangi Marg`ilon,40.4272,71.7189,37.4,81,6,4.61,UZ,1613099850
Benicarló,40.4165,0.4271,54.0,72,99,3.0,ES,1613099850
Ilulissat,69.2167,-51.1,10.4,67,90,13.8,GL,1613099851
Aksarka,66.5606,67.7975,-27.08,83,34,3.49,RU,1613099851
Staryy Nadym,65.6118,72.6842,-29.07,86,95,5.5,RU,1613099851
Opotiki,-38.0833,177.2833,77.0,57,0,7.0,NZ,1613099851
College,64.8569,-147.8028,12.0,78,75,4.45,US,1613099728
Half Moon Bay,37.4636,-122.4286,55.99,93,90,16.11,US,1613099851
Ocós,14.5094,-92.1933,73.4,100,20,6.4,GT,1613099851
Vanavara,60.34,102.2797,-16.1,87,96,5.68,RU,1613099851
Santa Fe,-31.6333,-60.7,73.99,76,73,1.01,AR,1613099640
Puebla,18.8333,-98.0,60.73,43,3,5.08,MX,1613099851
Ontario,34.0633,-117.6509,57.99,72,99,11.5,US,1613099571
Freeport,40.6576,-73.5832,28.99,46,1,5.75,US,1613099737
Xai-Xai,-25.0519,33.6442,78.57,88,100,12.82,MZ,1613099717
Yārāda,17.65,83.2667,75.2,60,56,0.98,IN,1613099852
Asunción Nochixtlán,17.4667,-97.2333,54.03,58,0,3.91,MX,1613099852
Terråk,65.087,12.3715,35.6,87,90,14.97,NO,1613099852
Cavalcante,-13.7975,-47.4583,71.01,81,90,2.86,BR,1613099852
Nizhniy Odes,63.6445,54.856,-14.46,89,100,2.24,RU,1613099852
Baruun-Urt,46.6806,113.2792,7.23,88,33,6.6,MN,1613099852
Boshnyakovo,49.6333,142.1667,17.71,97,88,3.2,RU,1613099853
Launceston,-41.45,147.1667,71.6,53,40,19.57,AU,1613099853
Paamiut,61.994,-49.6678,26.62,87,99,9.57,GL,1613099853
Port Lincoln,-34.7333,135.8667,66.22,59,96,12.33,AU,1613099853
Manono,-7.3,27.4167,70.05,93,100,2.33,CD,1613099853
KwaDukuza,-29.3282,31.2895,69.8,94,20,4.03,ZA,1613099853
Blahodatne,50.6637,24.2492,12.0,84,100,13.73,UA,1613099853
Evensk,61.95,159.2333,3.36,86,0,7.25,RU,1613099853
Isangel,-19.55,169.2667,86.0,74,75,3.62,VU,1613099854
Klaksvík,62.2266,-6.589,30.2,74,20,6.91,FO,1613099854
Usinsk,65.9939,57.5281,-23.66,87,100,5.01,RU,1613099854
Beaufort,5.3473,115.7455,82.0,89,40,4.61,MY,1613099854
Necochea,-38.5473,-58.7368,64.99,93,100,5.01,AR,1613099854
Shelburne,44.0787,-80.2041,8.6,66,1,4.61,CA,1613099705
São João da Barra,-21.6403,-41.0511,77.0,87,100,13.8,BR,1613099854
Niquero,20.0431,-77.5828,75.69,76,0,7.81,CU,1613099854
Vanimo,-2.6741,141.3028,85.82,65,61,5.32,PG,1613099854
Krasnyy Oktyabr',56.1167,38.8833,4.96,94,100,8.95,RU,1613099854
Caniço,32.6333,-16.85,57.99,77,20,4.61,PT,1613099854
East London,-33.0153,27.9116,71.6,100,75,9.22,ZA,1613099798
Mount Isa,-20.7333,139.5,93.2,43,40,12.66,AU,1613099855
Kiryat Gat,31.61,34.7642,51.01,84,0,1.07,IL,1613099839
Moroni,-11.7022,43.2551,80.47,76,100,15.14,KM,1613099855
Verkhoyansk,67.5447,133.385,-8.77,85,0,1.7,RU,1613099855
São Filipe,14.8961,-24.4956,71.19,69,0,9.33,CV,1613099855
Hithadhoo,-0.6,73.0833,81.48,77,88,12.3,MV,1613099691
Bengkulu,-3.8004,102.2655,84.11,65,97,4.18,ID,1613099855
Viramgam,23.1225,72.0484,66.2,39,40,4.61,IN,1613099855
Amapá,1.0,-52.0,72.23,98,48,2.48,BR,1613099855
Anadyr,64.75,177.4833,-25.01,68,0,15.66,RU,1613099671
Simões,-7.5989,-40.8178,73.18,84,43,12.73,BR,1613099856
Ruwi,23.5996,58.5507,62.6,67,0,3.44,OM,1613099856
Charters Towers,-20.1,146.2667,85.32,57,83,8.9,AU,1613099856
Luena,-11.7833,19.9167,61.16,87,87,3.09,AO,1613099856
Mád,48.2,21.2833,12.0,61,0,6.91,HU,1613099856
La Palma,33.8464,-118.0467,57.2,76,40,5.75,US,1613099856
Vao,-22.6667,167.4833,77.47,76,17,7.23,NC,1613099856
Lānja,16.85,73.55,72.52,35,67,2.66,IN,1613099856
St. George's,12.0564,-61.7485,77.0,83,20,17.27,GD,1613099857
Shingū,33.7333,135.9833,57.2,44,75,5.75,JP,1613099857
Catalina,32.5056,-110.9211,60.01,36,0,3.29,US,1613099857
Bilma,18.6853,12.9164,64.45,24,0,9.64,NE,1613099857
Doka,13.5167,35.7667,69.26,24,95,5.88,SD,1613099857
Bālurghāt,25.2167,88.7667,71.62,41,13,3.98,IN,1613099857
Tam Ky,15.5667,108.4833,75.2,53,20,8.05,VN,1613099857
Kambove,-10.8764,26.5969,62.51,100,100,4.88,CD,1613099857
Avera,33.194,-82.5271,60.01,96,90,3.83,US,1613099857
Sovetsk,55.0839,21.8785,4.5,94,2,7.56,RU,1613099858
Hohhot,40.8106,111.6522,32.0,40,75,4.47,CN,1613099763
Alofi,-19.0595,-169.9187,86.0,66,40,13.8,NU,1613099858
Coyhaique,-45.5752,-72.0662,51.8,62,0,3.44,CL,1613099654
Krasnoborsk,61.5598,45.934,-2.9,92,100,3.96,RU,1613099858
Oranjestad,12.524,-70.027,78.8,73,20,17.27,AW,1613099606
Aklavik,68.2191,-135.0107,1.4,78,100,6.91,CA,1613099858
Tūkrah,32.5341,20.5791,56.12,76,18,9.48,LY,1613099858
Ostrovnoy,68.0531,39.5131,8.24,91,100,3.76,RU,1613099858
Tomatlán,19.9333,-105.25,61.21,90,0,2.73,MX,1613099858
Obzor,42.8167,27.8833,33.8,60,40,19.57,BG,1613099859
Kalāleh,37.3807,55.4916,42.8,93,0,2.3,IR,1613099660
Arrifes,37.7667,-25.7,61.0,88,40,26.46,PT,1613099859
Moranbah,-22.0016,148.0466,86.97,41,92,10.58,AU,1613099859
Lujiang,31.2581,117.2817,57.2,72,40,6.71,CN,1613099859
Hobyo,5.3505,48.5268,74.89,75,100,14.92,SO,1613099859
Belaya Gora,68.5333,146.4167,-13.07,89,100,4.41,RU,1613099859
Sakakah,29.9697,40.2064,50.0,53,0,4.61,SA,1613099859
Khem Karan,31.1428,74.5667,51.8,100,90,0.56,IN,1613099860
Mehamn,71.0357,27.8492,20.21,91,98,9.44,NO,1613099632
Campbell River,50.0163,-125.2446,27.0,39,75,6.91,CA,1613099860
Mukhen,48.1,136.1,27.3,91,100,1.45,RU,1613099860
Nemuro,43.3236,145.575,30.2,59,20,9.22,JP,1613099860
Windhoek,-22.5594,17.0832,64.4,82,98,6.91,NA,1613099860
Anchorage,61.2181,-149.9003,25.0,68,20,3.44,US,1613099703
Aripuanã,-9.1667,-60.6333,72.75,97,95,0.56,BR,1613099860
Coquimbo,-29.9533,-71.3436,60.8,94,0,3.44,CL,1613099860
Uíge,-7.6087,15.0613,67.66,95,100,1.92,AO,1613099860
Sambava,-14.2667,50.1667,76.41,87,98,5.03,MG,1613099861
Geraldton,-28.7667,114.6,87.8,25,0,10.36,AU,1613099684
Alice Springs,-23.7,133.8833,98.6,34,40,13.8,AU,1613099861
Carnarvon,-24.8667,113.6333,80.6,74,71,19.57,AU,1613099694
San Francisco,37.7749,-122.4194,55.4,88,90,6.91,US,1613099746
Taoudenni,22.6783,-3.9836,64.47,22,0,11.95,ML,1613099716
Cap Malheureux,-19.9842,57.6142,79.0,71,100,3.0,MU,1613099861
Puerto Carreño,6.189,-67.4859,81.97,53,5,10.36,CO,1613099861
Meulaboh,4.1363,96.1285,83.64,68,89,2.55,ID,1613099602
Yar-Sale,66.8333,70.8333,-17.37,88,98,6.44,RU,1613099861
Hachinohe,40.5,141.5,37.29,78,1,1.23,JP,1613099686
Watsa,3.0372,29.5355,64.96,53,0,2.73,CD,1613099862
Beyneu,45.3167,55.2,34.27,83,59,10.49,KZ,1613099655
Caravelas,-17.7125,-39.2481,75.42,84,100,4.25,BR,1613099862
Port Moresby,-9.4431,147.1797,91.4,62,40,12.66,PG,1613099862
Franklin,39.9667,-83.0166,24.01,74,90,10.36,US,1613099862
Haines Junction,60.7522,-137.5108,-22.0,69,0,1.14,CA,1613099862
Tevaitoa,-16.7833,-151.5,82.35,65,23,10.36,PF,1613099862
Maragogi,-9.0122,-35.2225,77.34,82,32,7.27,BR,1613099862
Hong Kong,22.2855,114.1577,69.01,63,0,3.0,HK,1613099661
Jiazi,22.8779,116.067,65.61,66,4,3.11,CN,1613099862
Altay,47.8667,88.1167,12.13,89,99,1.45,CN,1613099862
Zhigalovo,54.8097,105.1578,-5.3,83,15,3.0,RU,1613099863
Hyères,43.1167,6.1167,51.01,53,0,9.22,FR,1613099863
Grand Gaube,-20.0064,57.6608,79.0,71,99,3.0,MU,1613099708
Adrar,20.5022,-10.0711,64.99,21,0,9.64,MR,1613099863
Eureka,40.8021,-124.1637,48.99,97,98,1.01,US,1613099863
Visby,57.6409,18.296,26.6,74,75,14.97,SE,1613099863
Lakes Entrance,-37.8811,147.981,64.0,92,83,10.42,AU,1613099699
Manta,-0.95,-80.7333,78.8,83,75,3.44,EC,1613099745
Fare,-16.7,-151.0167,81.95,68,32,14.29,PF,1613099863
Kungurtug,50.5994,97.5228,-4.74,85,55,0.89,RU,1613099863
Diamantino,-14.4086,-56.4461,72.79,94,95,4.97,BR,1613099655
Fukuechō,32.6881,128.8419,57.2,58,0,6.91,JP,1613099864
El Dovio,4.5079,-76.2362,71.6,73,20,2.3,CO,1613099864
Banda Aceh,5.5577,95.3222,83.52,68,6,4.68,ID,1613099864
Comodoro Rivadavia,-45.8667,-67.5,69.8,64,0,10.36,AR,1613099864
Chālūs,36.655,51.4204,46.4,100,90,4.61,IR,1613099864
Pisco,-13.7,-76.2167,75.2,78,75,3.44,PE,1613099864
Brandon,27.9378,-82.2859,72.0,94,1,1.9,US,1613099864
Bira,49.0,132.4667,16.45,88,100,6.13,RU,1613099864
Huesca,42.1362,-0.4087,46.4,87,75,2.3,ES,1613099864
Kahului,20.8947,-156.47,78.8,57,20,16.11,US,1613099864
Srednekolymsk,67.45,153.6833,-20.11,85,0,3.89,RU,1613099865
Gazli,40.1333,63.45,44.15,71,100,12.08,UZ,1613099865
Redmond,47.674,-122.1215,30.99,82,100,5.95,US,1613099621
Mount Gambier,-37.8333,140.7667,64.4,63,75,14.97,AU,1613099865
Pangnirtung,66.1451,-65.7125,-13.83,82,17,0.27,CA,1613099865
Romny,50.751,33.4747,36.23,100,100,8.34,UA,1613099865
Port Hardy,50.6996,-127.4199,35.6,47,75,23.02,CA,1613099721
Sterling,39.0062,-77.4286,30.99,74,90,6.91,US,1613099865
Nadadores,27.05,-101.6,42.01,98,83,7.58,MX,1613099865
Dongsheng,39.8161,109.9776,35.58,59,87,4.63,CN,1613099866
Hamilton,39.1834,-84.5333,23.0,63,1,5.75,US,1613099866
Grand-Santi,4.25,-54.3833,71.64,97,35,2.17,GF,1613099866
Warrnambool,-38.3833,142.4833,66.99,68,82,5.01,AU,1613099840
Nelidovo,56.2211,32.7774,3.67,91,100,11.3,RU,1613099866
Point Fortin,10.1833,-61.6833,75.0,94,47,14.5,TT,1613099866
Nacala,-14.5428,40.6728,76.35,84,99,7.29,MZ,1613099866
Carutapera,-1.195,-46.02,77.4,89,100,7.09,BR,1613099866
Mae Hong Son,19.3003,97.9685,66.2,77,36,1.45,TH,1613099652
Dawson Creek,55.7666,-120.2362,-13.0,70,75,2.3,CA,1613099866
Yurga,55.7231,84.8861,-25.08,84,0,5.82,RU,1613099867
Saldanha,-33.0117,17.9442,64.4,88,9,8.05,ZA,1613099867
Ati,13.2154,18.3353,67.59,24,0,8.5,TD,1613099867
Fairbanks,64.8378,-147.7164,12.0,78,90,6.91,US,1613099839
Mbale,1.0821,34.175,70.29,59,53,3.91,UG,1613099867
Abalak,58.1286,68.5944,-21.87,88,5,3.04,RU,1613099867
Kirakira,-10.4544,161.9205,78.85,86,100,8.5,SB,1613099867
Kapit,2.0167,112.9333,88.54,57,65,2.33,MY,1613099867
Mossamedes,-15.1961,12.1522,71.82,81,92,1.88,AO,1613099867
Mildura,-34.2,142.15,75.2,43,75,8.05,AU,1613099868
Broken Hill,-31.95,141.4333,80.6,44,40,13.8,AU,1613099868
Pangani,-5.4333,38.9667,77.67,81,98,11.34,TZ,1613099868
Coria,39.9879,-6.5377,53.01,93,91,4.0,ES,1613099868
Chipinge,-20.1883,32.6236,61.9,100,100,5.3,ZW,1613099868
Palmer,42.1584,-72.3287,19.4,49,75,10.36,US,1613099868
Tumaco,1.7986,-78.8156,77.18,89,70,3.38,CO,1613099868
Departamento de Maldonado,-34.6667,-54.9167,70.0,94,75,9.22,UY,1613099786
Baykit,61.67,96.37,-13.72,84,100,3.78,RU,1613099868
Olinda,-8.0089,-34.8553,78.8,69,75,8.05,BR,1613099704
Bruneck,46.7958,11.9364,14.0,82,0,1.79,IT,1613099868
Zalesovo,53.9939,84.7431,-22.23,84,0,2.57,RU,1613099869
Puerto Escondido,15.85,-97.0667,78.8,78,1,4.7,MX,1613099869
Chkalovskoye,44.8392,133.0436,32.88,96,100,3.8,RU,1613099869
Tulsīpur,28.131,82.2973,71.01,95,71,1.9,NP,1613099869
Yegros,-26.45,-56.4,67.51,81,61,3.65,PY,1613099869
Gornopravdinsk,60.05,69.9,-27.02,85,0,2.46,RU,1613099869
Ust'-Kut,56.7938,105.7672,-8.39,84,7,3.33,RU,1613099869
Esim,4.8699,-2.2405,80.13,84,23,9.01,GH,1613099869
Hasaki,35.7333,140.8333,52.0,57,75,5.75,JP,1613099664
Huanren,41.2647,125.3667,38.25,75,96,4.45,CN,1613099869
Petropavlovsk-Kamchatskiy,53.0452,158.6483,28.4,59,93,4.47,RU,1613099870
Ialibu,-6.2821,143.9935,62.02,91,100,3.36,PG,1613099870
Hambantota,6.1241,81.1185,73.4,94,20,5.75,LK,1613099870
Udachny,66.4167,112.4,-19.12,85,83,3.33,RU,1613099870
Magog,45.2668,-72.1491,5.0,51,41,11.5,CA,1613099594
Riyadh,24.6877,46.7219,51.8,40,0,3.44,SA,1613099660
Krasnosel'kup,65.7,82.4667,-33.16,82,0,6.22,RU,1613099870
Guerrero Negro,27.9769,-114.0611,59.58,84,0,15.37,MX,1613099657
Dauphin,51.1494,-100.0502,-20.2,57,20,18.41,CA,1613099870
Kouango,4.9934,19.9619,68.14,25,0,2.08,CF,1613099870
San Vicente,-26.6167,-54.1333,61.43,99,100,2.21,AR,1613099870
Sørland,67.667,12.6934,35.58,80,100,27.34,NO,1613099871
Ranong,9.9658,98.6348,89.6,58,20,5.75,TH,1613099871
Gushikawa,26.3544,127.8686,69.8,78,90,21.85,JP,1613099871
Kyzyl-Suu,42.3414,78.0056,31.98,83,5,10.56,KG,1613099871
Gravdal,68.1214,13.5031,34.27,83,100,30.89,NO,1613099871
Mogzon,51.7435,111.9606,3.83,87,1,14.0,RU,1613099871
Tamworth,52.634,-1.6959,28.99,86,84,8.99,GB,1613099871
Millville,39.4021,-75.0393,30.0,86,75,3.44,US,1613099871
Merauke,-8.4667,140.3333,82.87,78,92,7.25,ID,1613099801
Miquelon,47.0975,-56.3814,22.86,97,100,34.99,PM,1613099872
Pringsewu,-5.3582,104.9744,83.52,74,90,2.73,ID,1613099872
Lüderitz,-26.6481,15.1594,64.15,88,30,0.63,NA,1613099872
Quatre Cocos,-20.2078,57.7625,80.6,69,40,6.91,MU,1613099872
Shenzhen,22.5455,114.0683,70.0,69,0,2.95,CN,1613099702
Yumen,40.2833,97.2,38.14,62,86,23.55,CN,1613099872
Biltine,14.5333,20.9167,69.19,28,0,10.0,TD,1613099872
Iralaya,15.0,-83.2333,76.5,83,33,7.27,HN,1613099872
Sakaiminato,35.55,133.2333,51.8,58,75,6.91,JP,1613099872
Say,13.1007,2.3689,73.4,16,0,3.44,NE,1613099872
Saint-François,46.4154,3.9054,24.8,80,0,12.66,FR,1613099873
Cedral,23.8,-100.7333,61.74,28,5,10.83,MX,1613099873
Stornoway,58.2093,-6.3865,37.4,56,0,16.11,GB,1613099873
Kavieng,-2.5744,150.7967,83.43,67,99,8.39,PG,1613099873
Jinka,5.65,36.65,69.75,50,97,1.97,ET,1613099873
San Roque,36.2107,-5.3842,60.8,82,75,14.97,ES,1613099873
Strezhevoy,60.7333,77.5889,-20.2,76,0,6.71,RU,1613099656
Makkah al Mukarramah,21.4267,39.8261,71.42,65,0,0.56,SA,1613099873
Ji’an,27.1172,114.9793,57.24,78,54,3.2,CN,1613099873
Salinópolis,-0.6136,-47.3561,79.07,86,100,10.58,BR,1613099874
Korfovskiy,48.2183,135.0564,17.6,57,0,8.95,RU,1613099874
Mingguang,32.7802,117.9638,55.33,67,2,9.75,CN,1613099874
Whitehorse,60.7161,-135.0538,-9.0,70,1,18.41,CA,1613099666
Jinotega,13.0917,-86.0018,60.51,89,0,4.09,NI,1613099874
Yamada,39.4667,141.95,40.39,64,0,2.73,JP,1613099874
Vrangel',42.7297,133.0839,36.59,81,66,10.38,RU,1613099874
Voh,-20.9667,164.7,82.11,71,11,8.68,NC,1613099874
Adelaide,-34.9333,138.6,73.0,49,75,11.5,AU,1613099581
Shājāpur,23.4333,76.2667,66.16,25,0,3.8,IN,1613099661
Huntingdon,52.3305,-0.1865,28.99,85,7,4.0,GB,1613099705
Purpe,64.4803,76.6897,-37.12,82,10,5.93,RU,1613099875
Churapcha,62.0025,132.4325,14.0,93,100,7.11,RU,1613099877
Kuruman,-27.4524,23.4325,66.99,84,45,9.17,ZA,1613099877
Pinehurst,35.1954,-79.4695,42.8,87,90,5.75,US,1613099877
Muswellbrook,-32.2667,150.9,88.25,37,100,11.36,AU,1613099877
Bilibino,68.0546,166.4372,-15.68,77,0,3.51,RU,1613099877
Dessie,11.1333,39.6333,49.77,60,61,1.34,ET,1613099877
Sept-Îles,50.2001,-66.3821,14.0,92,100,5.75,CA,1613099596
Cayenne,4.9333,-52.3333,77.0,100,75,3.44,GF,1613099877
Beidao,34.5686,105.8933,54.48,41,0,8.9,CN,1613099877
Boden,65.8252,21.6886,1.4,92,91,1.14,SE,1613099877
Slave Lake,55.2834,-114.769,-13.0,64,90,20.71,CA,1613099878
Jalu,29.0331,21.5482,53.02,84,0,10.29,LY,1613099878
Inhambane,-23.865,35.3833,78.64,80,56,10.04,MZ,1613099878
Henties Bay,-22.116,14.2845,68.0,90,92,7.81,NA,1613099878
Tessalit,20.1986,1.0114,65.3,21,0,6.64,ML,1613099878
Kintinku,-5.8833,35.2333,66.2,94,20,0.87,TZ,1613099878
Havøysund,70.9963,24.6622,28.4,59,90,3.44,NO,1613099878
Heraclea,37.5133,34.0467,41.43,64,0,1.72,TR,1613099878
Mgandu,-5.95,34.1333,59.88,97,100,2.08,TZ,1613099878
Praia,14.9215,-23.5087,69.8,68,0,16.11,CV,1613099879
Kajaani,64.2273,27.7285,3.2,92,90,1.14,FI,1613099879
Andros Town,24.7,-77.7667,75.2,83,0,8.05,BS,1613099710
Santa Cruz de la Sierra,-17.8,-63.1667,68.0,94,90,4.61,BO,1613099703
Aksu,41.1231,80.2644,36.21,71,0,1.12,CN,1613099879
Akdağmadeni,39.6603,35.8836,35.06,82,66,6.17,TR,1613099879
Sur,22.5667,59.5289,68.11,47,0,2.35,OM,1613099879
Ust-Tsilma,65.441,52.1498,-9.47,90,100,1.99,RU,1613099879
Sibolga,1.7427,98.7792,86.34,60,90,1.77,ID,1613099879
Port-de-Bouc,43.4,4.9833,37.4,75,0,11.5,FR,1613099879
Digby,44.6169,-65.7655,21.2,67,100,10.36,CA,1613099879
Curaçá,-8.9903,-39.9094,75.09,76,10,16.89,BR,1613099880
Lubyany,56.0378,51.4,5.0,85,90,11.18,RU,1613099880
Kushmurun,52.4503,64.6311,5.83,95,84,6.26,KZ,1613099880
Östersund,63.1792,14.6357,17.6,79,75,20.71,SE,1613099880
Placerville,38.7296,-120.7986,50.0,100,90,11.5,US,1613099702
Beloha,-25.1667,45.05,73.44,82,92,7.05,MG,1613099880
Aykhal,66.0,111.5,-20.49,81,0,5.64,RU,1613099880
Maniitsoq,65.4167,-52.9,12.92,84,0,7.49,GL,1613099679
Bay Roberts,47.5999,-53.2648,23.0,89,100,11.01,CA,1613099880
Cuiluan,47.72,128.648,31.86,93,83,8.52,CN,1613099880
Olivenza,38.6832,-7.103,55.0,91,96,4.0,ES,1613099881
Laguna,38.421,-121.4238,53.01,87,90,8.05,US,1613099881
Ulladulla,-35.35,150.4667,82.99,61,0,6.91,AU,1613099881
Coahuayana Viejo,18.7333,-103.6833,67.93,85,30,1.54,MX,1613099881
